{
  "logistic": {
    "accuracy": 1.0,
    "f1_weighted": 1.0,
    "log_loss": 0.15710093856168586,
    "classes": [
      "away_win",
      "draw",
      "home_win"
    ],
    "rows": 34,
    "model": "logistic",
    "confusion_matrix": [
      [
        4,
        0,
        0
      ],
      [
        0,
        1,
        0
      ],
      [
        0,
        0,
        4
      ]
    ],
    "roc": {
      "away_win": {
        "fpr": [
          0.0,
          0.0,
          0.0,
          1.0
        ],
        "tpr": [
          0.0,
          0.25,
          1.0,
          1.0
        ],
        "auc": 1.0
      },
      "draw": {
        "fpr": [
          0.0,
          0.0,
          1.0
        ],
        "tpr": [
          0.0,
          1.0,
          1.0
        ],
        "auc": 1.0
      },
      "home_win": {
        "fpr": [
          0.0,
          0.0,
          0.0,
          1.0
        ],
        "tpr": [
          0.0,
          0.25,
          1.0,
          1.0
        ],
        "auc": 1.0
      }
    },
    "pr": {
      "away_win": {
        "precision": [
          0.4444444444444444,
          0.5,
          0.5714285714285714,
          0.6666666666666666,
          0.8,
          1.0,
          1.0,
          1.0,
          1.0,
          1.0
        ],
        "recall": [
          1.0,
          1.0,
          1.0,
          1.0,
          1.0,
          1.0,
          0.75,
          0.5,
          0.25,
          0.0
        ]
      },
      "draw": {
        "precision": [
          0.1111111111111111,
          0.125,
          0.14285714285714285,
          0.16666666666666666,
          0.2,
          0.25,
          0.3333333333333333,
          0.5,
          1.0,
          1.0
        ],
        "recall": [
          1.0,
          1.0,
          1.0,
          1.0,
          1.0,
          1.0,
          1.0,
          1.0,
          1.0,
          0.0
        ]
      },
      "home_win": {
        "precision": [
          0.4444444444444444,
          0.5,
          0.5714285714285714,
          0.6666666666666666,
          0.8,
          1.0,
          1.0,
          1.0,
          1.0,
          1.0
        ],
        "recall": [
          1.0,
          1.0,
          1.0,
          1.0,
          1.0,
          1.0,
          0.75,
          0.5,
          0.25,
          0.0
        ]
      }
    },
    "feature_importance": {
      "strength_a": 0.43243706653586056,
      "strength_b": 0.2663645322114785,
      "form_a": 0.19632904025174283,
      "form_b": 0.20213617014914895,
      "xg_a": 0.4495191581413464,
      "xg_b": 0.3338633368506209,
      "injuries_a": 0.0,
      "injuries_b": 0.0,
      "shots_a": 0.4495191581413465,
      "shots_b": 0.333863336850621,
      "poss_a": 0.10197362664106102,
      "poss_b": 0.10197362664106102,
      "strength_diff": 0.0985108335173253,
      "form_diff": 0.2115006819863264,
      "xg_diff": 0.413947191865456,
      "injuries_diff": 0.0,
      "shots_diff": 0.4139471918654561,
      "poss_diff": 0.10197362664106119
    }
  },
  "rf": {
    "accuracy": 1.0,
    "f1_weighted": 1.0,
    "log_loss": 0.13364427121487052,
    "classes": [
      "away_win",
      "draw",
      "home_win"
    ],
    "rows": 34,
    "model": "rf",
    "confusion_matrix": [
      [
        4,
        0,
        0
      ],
      [
        0,
        1,
        0
      ],
      [
        0,
        0,
        4
      ]
    ],
    "roc": {
      "away_win": {
        "fpr": [
          0.0,
          0.0,
          0.0,
          0.0,
          0.4,
          1.0
        ],
        "tpr": [
          0.0,
          0.25,
          0.5,
          1.0,
          1.0,
          1.0
        ],
        "auc": 1.0
      },
      "draw": {
        "fpr": [
          0.0,
          0.0,
          0.125,
          0.375,
          1.0
        ],
        "tpr": [
          0.0,
          1.0,
          1.0,
          1.0,
          1.0
        ],
        "auc": 1.0
      },
      "home_win": {
        "fpr": [
          0.0,
          0.0,
          0.0,
          0.2,
          1.0
        ],
        "tpr": [
          0.0,
          0.25,
          1.0,
          1.0,
          1.0
        ],
        "auc": 1.0
      }
    },
    "pr": {
      "away_win": {
        "precision": [
          0.4444444444444444,
          0.6666666666666666,
          0.8,
          1.0,
          1.0,
          1.0,
          1.0
        ],
        "recall": [
          1.0,
          1.0,
          1.0,
          1.0,
          0.5,
          0.25,
          0.0
        ]
      },
      "draw": {
        "precision": [
          0.1111111111111111,
          0.125,
          0.14285714285714285,
          0.16666666666666666,
          0.2,
          0.25,
          0.5,
          1.0,
          1.0
        ],
        "recall": [
          1.0,
          1.0,
          1.0,
          1.0,
          1.0,
          1.0,
          1.0,
          1.0,
          0.0
        ]
      },
      "home_win": {
        "precision": [
          0.4444444444444444,
          0.8,
          1.0,
          1.0,
          1.0,
          1.0,
          1.0
        ],
        "recall": [
          1.0,
          1.0,
          1.0,
          0.75,
          0.5,
          0.25,
          0.0
        ]
      }
    },
    "feature_importance": {
      "strength_a": 0.03744443518243325,
      "strength_b": 0.058886011946772544,
      "form_a": 0.0510182551536488,
      "form_b": 0.036077474251636044,
      "xg_a": 0.05263228410282893,
      "xg_b": 0.04455693991154924,
      "injuries_a": 0.0,
      "injuries_b": 0.0,
      "shots_a": 0.03326351876303206,
      "shots_b": 0.041128664008642,
      "poss_a": 0.02962935706813346,
      "poss_b": 0.027340828821521033,
      "strength_diff": 0.03291435363927009,
      "form_diff": 0.05768532348201465,
      "xg_diff": 0.23319529395395122,
      "injuries_diff": 0.0,
      "shots_diff": 0.2405430410918646,
      "poss_diff": 0.023684218622702008
    }
  }
}